{
  "$schema": "https://raw.githubusercontent.com/spdx/spdx-spec/v2.2.1/schemas/spdx-schema.json",
  "spdxVersion": "SPDX-2.2",
  "dataLicense": "CC0-1.0",
  "SPDXID": "SPDXRef-DOCUMENT",
  "documentNamespace": "https://spdx.org/spdxdocs/libjpeg-turbo-x64-windows-2.1.5.1#2-ca4c776a-d32e-424b-80ec-10ab3457df02",
  "name": "libjpeg-turbo:x64-windows@2.1.5.1#2 a274213aa08579f93f9a1b0207e6bf583011e9daa26311c3bff94f2fb0433753",
  "creationInfo": {
    "creators": [
      "Tool: vcpkg-814b7ec837b59f1c8778f72351c1dd7605983cd2"
    ],
    "created": "2023-08-07T16:27:44Z"
  },
  "relationships": [
    {
      "spdxElementId": "SPDXRef-port",
      "relationshipType": "GENERATES",
      "relatedSpdxElement": "SPDXRef-binary"
    },
    {
      "spdxElementId": "SPDXRef-port",
      "relationshipType": "CONTAINS",
      "relatedSpdxElement": "SPDXRef-file-0"
    },
    {
      "spdxElementId": "SPDXRef-port",
      "relationshipType": "CONTAINS",
      "relatedSpdxElement": "SPDXRef-file-1"
    },
    {
      "spdxElementId": "SPDXRef-port",
      "relationshipType": "CONTAINS",
      "relatedSpdxElement": "SPDXRef-file-2"
    },
    {
      "spdxElementId": "SPDXRef-port",
      "relationshipType": "CONTAINS",
      "relatedSpdxElement": "SPDXRef-file-3"
    },
    {
      "spdxElementId": "SPDXRef-port",
      "relationshipType": "CONTAINS",
      "relatedSpdxElement": "SPDXRef-file-4"
    },
    {
      "spdxElementId": "SPDXRef-port",
      "relationshipType": "CONTAINS",
      "relatedSpdxElement": "SPDXRef-file-5"
    },
    {
      "spdxElementId": "SPDXRef-binary",
      "relationshipType": "GENERATED_FROM",
      "relatedSpdxElement": "SPDXRef-port"
    },
    {
      "spdxElementId": "SPDXRef-file-0",
      "relationshipType": "CONTAINED_BY",
      "relatedSpdxElement": "SPDXRef-port"
    },
    {
      "spdxElementId": "SPDXRef-file-1",
      "relationshipType": "CONTAINED_BY",
      "relatedSpdxElement": "SPDXRef-port"
    },
    {
      "spdxElementId": "SPDXRef-file-2",
      "relationshipType": "CONTAINED_BY",
      "relatedSpdxElement": "SPDXRef-port"
    },
    {
      "spdxElementId": "SPDXRef-file-3",
      "relationshipType": "CONTAINED_BY",
      "relatedSpdxElement": "SPDXRef-port"
    },
    {
      "spdxElementId": "SPDXRef-file-4",
      "relationshipType": "CONTAINED_BY",
      "relatedSpdxElement": "SPDXRef-port"
    },
    {
      "spdxElementId": "SPDXRef-file-4",
      "relationshipType": "DEPENDENCY_MANIFEST_OF",
      "relatedSpdxElement": "SPDXRef-port"
    },
    {
      "spdxElementId": "SPDXRef-file-5",
      "relationshipType": "CONTAINED_BY",
      "relatedSpdxElement": "SPDXRef-port"
    }
  ],
  "packages": [
    {
      "name": "libjpeg-turbo",
      "SPDXID": "SPDXRef-port",
      "versionInfo": "2.1.5.1#2",
      "downloadLocation": "NOASSERTION",
      "homepage": "https://github.com/libjpeg-turbo/libjpeg-turbo",
      "licenseConcluded": "BSD-3-Clause",
      "licenseDeclared": "NOASSERTION",
      "copyrightText": "NOASSERTION",
      "description": "libjpeg-turbo is a JPEG image codec that uses SIMD instructions (MMX, SSE2, NEON, AltiVec) to accelerate baseline JPEG compression and decompression on x86, x86-64, ARM, and PowerPC systems.",
      "comment": "This is the port (recipe) consumed by vcpkg."
    },
    {
      "name": "libjpeg-turbo:x64-windows",
      "SPDXID": "SPDXRef-binary",
      "versionInfo": "a274213aa08579f93f9a1b0207e6bf583011e9daa26311c3bff94f2fb0433753",
      "downloadLocation": "NONE",
      "licenseConcluded": "BSD-3-Clause",
      "licenseDeclared": "NOASSERTION",
      "copyrightText": "NOASSERTION",
      "comment": "This is a binary package built by vcpkg."
    },
    {
      "SPDXID": "SPDXRef-resource-1",
      "name": "libjpeg-turbo/libjpeg-turbo",
      "downloadLocation": "git+https://github.com/libjpeg-turbo/libjpeg-turbo@${VERSION}",
      "licenseConcluded": "NOASSERTION",
      "licenseDeclared": "NOASSERTION",
      "copyrightText": "NOASSERTION",
      "checksums": [
        {
          "algorithm": "SHA512",
          "checksumValue": "bcd946eed0fb3712eae2485d300d5e2b84596b1c8cfd4e944902bb141125d411b727024f054e2ad6c23855d06a02dcb926696f05cb107869a7b81814d4cfcaeb"
        }
      ]
    }
  ],
  "files": [
    {
      "fileName": "./add-options-for-exes-docs-headers.patch",
      "SPDXID": "SPDXRef-file-0",
      "checksums": [
        {
          "algorithm": "SHA256",
          "checksumValue": "7d8fa543cef5d1a8c7b2a2c9e94d94564c0de4e97e0b418ed65c9693d9ac2cc5"
        }
      ],
      "licenseConcluded": "NOASSERTION",
      "copyrightText": "NOASSERTION"
    },
    {
      "fileName": "./portfile.cmake",
      "SPDXID": "SPDXRef-file-1",
      "checksums": [
        {
          "algorithm": "SHA256",
          "checksumValue": "8583a72d485699fb2fb95be594538cbeea4f3c61e9d8bd56817f77418abe76b3"
        }
      ],
      "licenseConcluded": "NOASSERTION",
      "copyrightText": "NOASSERTION"
    },
    {
      "fileName": "./usage",
      "SPDXID": "SPDXRef-file-2",
      "checksums": [
        {
          "algorithm": "SHA256",
          "checksumValue": "f6ff243d0aba5bc85904527de17fc8a341a3568b0b19e3ac63b95029125b9e68"
        }
      ],
      "licenseConcluded": "NOASSERTION",
      "copyrightText": "NOASSERTION"
    },
    {
      "fileName": "./vcpkg-cmake-wrapper.cmake",
      "SPDXID": "SPDXRef-file-3",
      "checksums": [
        {
          "algorithm": "SHA256",
          "checksumValue": "d257c0a541dd60c4b6eb6f46a5e9f128a64a6ec40f3b8b5bc8ab753e7a935c61"
        }
      ],
      "licenseConcluded": "NOASSERTION",
      "copyrightText": "NOASSERTION"
    },
    {
      "fileName": "./vcpkg.json",
      "SPDXID": "SPDXRef-file-4",
      "checksums": [
        {
          "algorithm": "SHA256",
          "checksumValue": "0451e6ca48a90707c4b580694154a32eda3a1f3b67e16faa18b1e52f2f8b823d"
        }
      ],
      "licenseConcluded": "NOASSERTION",
      "copyrightText": "NOASSERTION"
    },
    {
      "fileName": "./workaround_cmake_system_processor.patch",
      "SPDXID": "SPDXRef-file-5",
      "checksums": [
        {
          "algorithm": "SHA256",
          "checksumValue": "99378f41a1f50dc45967068b2d5c72abbc86285aae2f90c2d8be5061831724aa"
        }
      ],
      "licenseConcluded": "NOASSERTION",
      "copyrightText": "NOASSERTION"
    }
  ]
}
